title,content,excerpt,"ad_type",categories,locations,tags,gallery_images,"video_url","Post Date","Post Author ID","Author First name","Author Last name","Author Email","Author Username","pricing_type","price_type",price,"max_price","social_profiles",website,email,phone,whatsApp,address,"zipcode","Map Latitude","Map Longitude","Hide Map","Never Expire","Expiry Date",Views,status,radio_747d21f8,textarea_m2vi5ypu,number_m2vi7was,number_m2vi93uf,number_m2vib4ix,text_m2vicdiu,radio_m2vj5x0z,text_m2vk03e6
"Export quality bag pack wholesale min 100 pcs","<p>Lorem ipsum dolor sit amet, consectetur adipiscing elit, sed do eiusmod tempor incididunt ut labore et dolore magna aliqua. In eu mi bibendum neque egestas congue quisque. At urna condimentum mattis pellentesque id nibh tortor. Aliquam eleifend mi in nulla posuere. Sed sed risus pretium quam vulputate. Sit amet dictum sit amet justo donec enim diam vulputate. Condimentum lacinia quis vel eros donec ac odio. Amet mauris commodo quis imperdiet massa tincidunt nunc pulvinar sapien. Id interdum velit laoreet id. Enim diam vulputate ut pharetra sit. Dictum sit amet justo donec enim diam vulputate. Vestibulum mattis ullamcorper velit sed ullamcorper morbi tincidunt ornare massa.</p>
<p>Molestie a iaculis at erat pellentesque. Augue interdum velit euismod in. Aliquam id diam maecenas ultricies mi eget mauris pharetra et. Orci sagittis eu volutpat odio facilisis. Euismod nisi porta lorem mollis. Viverra accumsan in nisl nisi. Porttitor eget dolor morbi non arcu risus quis. Magna fringilla urna porttitor rhoncus dolor purus. Eget mi proin sed libero. Vitae justo eget magna fermentum iaculis eu non diam. Leo vel fringilla est ullamcorper eget nulla. Faucibus ornare suspendisse sed nisi lacus sed. Semper risus in hendrerit gravida rutrum. Urna cursus eget nunc scelerisque viverra mauris in. Fermentum posuere urna nec tincidunt.</p>
","Lorem ipsum dolor sit amet, consectetur adipiscing elit, sed do eiusmod tempor incididunt ut labore et dolore magna aliqua. In eu mi bibendum neque egestas congue quisque. At urna condimentum mattis pellentesque id nibh tortor. Aliquam eleifend mi in nulla posuere. Sed sed risus pretium quam vulputate. Sit amet dictum sit amet justo donec enim diam vulputate. Condimentum lacinia quis vel eros donec ac odio. Amet mauris commodo quis imperdiet massa tincidunt nunc pulvinar sapien. Id interdum velit laoreet id. Enim diam vulputate ut pharetra sit. Dictum sit amet justo donec enim diam vulputate. Vestibulum mattis ullamcorper velit sed ullamcorper",sell,others,louisiana,,"https://radiustheme.net/publicdemo/cl-classified/wp-content/uploads/classified-listing/2025/05/bgss.png,https://radiustheme.net/publicdemo/cl-classified/wp-content/uploads/classified-listing/2025/05/bgs.png,https://radiustheme.net/publicdemo/cl-classified/wp-content/uploads/classified-listing/2025/05/bgsss.png",,"2020-09-18 10:20:48",1,,,techlabpro15@gmail.com,admin,price,fixed,180,,,,techlabpro8@gmail.com,6735568743,+8801843349726,"House#18, Road#07",70429,23.7861979,90.4026151,,1,"2021-04-11 12:58:56",2921,publish,,,,,,,,
"Properties for Rent","<p>Lorem ipsum dolor sit amet, consectetur adipiscing elit, sed do eiusmod tempor incididunt ut labore et dolore magna aliqua. In eu mi bibendum neque egestas congue quisque. At urna condimentum mattis pellentesque id nibh tortor. Aliquam eleifend mi in nulla posuere. Sed sed risus pretium quam vulputate. Sit amet dictum sit amet justo donec enim diam vulputate. Condimentum lacinia quis vel eros donec ac odio. Amet mauris commodo quis imperdiet massa tincidunt nunc pulvinar sapien. Id interdum velit laoreet id. Enim diam vulputate ut pharetra sit. Dictum sit amet justo donec enim diam vulputate. Vestibulum mattis ullamcorper velit sed ullamcorper morbi tincidunt ornare massa.</p>
<p>Molestie a iaculis at erat pellentesque. Augue interdum velit euismod in. Aliquam id diam maecenas ultricies mi eget mauris pharetra et. Orci sagittis eu volutpat odio facilisis. Euismod nisi porta lorem mollis. Viverra accumsan in nisl nisi. Porttitor eget dolor morbi non arcu risus quis. Magna fringilla urna porttitor rhoncus dolor purus. Eget mi proin sed libero. Vitae justo eget magna fermentum iaculis eu non diam. Leo vel fringilla est ullamcorper eget nulla. Faucibus ornare suspendisse sed nisi lacus sed. Semper risus in hendrerit gravida rutrum. Urna cursus eget nunc scelerisque viverra mauris in. Fermentum posuere urna nec tincidunt.</p>
","Lorem ipsum dolor sit amet, consectetur adipiscing elit, sed do eiusmod tempor incididunt ut labore et dolore magna aliqua. In eu mi bibendum neque egestas congue quisque. At urna condimentum mattis pellentesque id nibh tortor. Aliquam eleifend mi in nulla posuere. Sed sed risus pretium quam vulputate. Sit amet dictum sit amet justo donec enim diam vulputate. Condimentum lacinia quis vel eros donec ac odio. Amet mauris commodo quis imperdiet massa tincidunt nunc pulvinar sapien. Id interdum velit laoreet id. Enim diam vulputate ut pharetra sit. Dictum sit amet justo donec enim diam vulputate. Vestibulum mattis ullamcorper velit sed ullamcorper",to_let,property,kansas,,https://radiustheme.net/publicdemo/cl-classified/wp-content/uploads/classified-listing/2022/11/david_lee9-1170x640-2.jpg,,"2020-04-21 20:29:40",1,,,techlabpro15@gmail.com,admin,price,fixed,2500,,,http://www.example.com,techlabpro8@gmail.com,6735568743,,"House#18, Road#07",67501,38.0726357,-97.93280620000002,,1,"2023-01-18 06:14:51",3968,publish,,"House#18, Road#07, Hutchinson",2,5,3,"3600 sqft",,
"Apartment for Buy","<p>Lorem ipsum dolor sit amet, consectetur adipiscing elit, sed do eiusmod tempor incididunt ut labore et dolore magna aliqua. In eu mi bibendum neque egestas congue quisque. At urna condimentum mattis pellentesque id nibh tortor. Aliquam eleifend mi in nulla posuere. Sed sed risus pretium quam vulputate. Sit amet dictum sit amet justo donec enim diam vulputate. Condimentum lacinia quis vel eros donec ac odio. Amet mauris commodo quis imperdiet massa tincidunt nunc pulvinar sapien. Id interdum velit laoreet id. Enim diam vulputate ut pharetra sit. Dictum sit amet justo donec enim diam vulputate. Vestibulum mattis ullamcorper velit sed ullamcorper morbi tincidunt ornare massa.</p>
<p>Molestie a iaculis at erat pellentesque. Augue interdum velit euismod in. Aliquam id diam maecenas ultricies mi eget mauris pharetra et. Orci sagittis eu volutpat odio facilisis. Euismod nisi porta lorem mollis. Viverra accumsan in nisl nisi. Porttitor eget dolor morbi non arcu risus quis. Magna fringilla urna porttitor rhoncus dolor purus. Eget mi proin sed libero. Vitae justo eget magna fermentum iaculis eu non diam. Leo vel fringilla est ullamcorper eget nulla. Faucibus ornare suspendisse sed nisi lacus sed. Semper risus in hendrerit gravida rutrum. Urna cursus eget nunc scelerisque viverra mauris in. Fermentum posuere urna nec tincidunt.</p>
","Lorem ipsum dolor sit amet, consectetur adipiscing elit, sed do eiusmod tempor incididunt ut labore et dolore magna aliqua. In eu mi bibendum neque egestas congue quisque. At urna condimentum mattis pellentesque id nibh tortor. Aliquam eleifend mi in nulla posuere. Sed sed risus pretium quam vulputate. Sit amet dictum sit amet justo donec enim diam vulputate. Condimentum lacinia quis vel eros donec ac odio. Amet mauris commodo quis imperdiet massa tincidunt nunc pulvinar sapien. Id interdum velit laoreet id. Enim diam vulputate ut pharetra sit. Dictum sit amet justo donec enim diam vulputate. Vestibulum mattis ullamcorper velit sed ullamcorper",buy,apartments-flats,new-york,,https://radiustheme.net/publicdemo/cl-classified/wp-content/uploads/classified-listing/2022/11/mike_hussy4.jpg,,"2020-04-21 20:26:32",1,,,techlabpro15@gmail.com,admin,price,on_call,2500,,,,techlabpro8@gmail.com,6735568743,,"House#18, Road#07",10573,40.9903134,-73.67167710000001,,1,"2021-04-11 12:58:56",2690,publish,,"fd f dfd f",2,5,3,"3600 sqft",,
"Union Square","<p>Lorem ipsum dolor sit amet, consectetur adipiscing elit, sed do eiusmod tempor incididunt ut labore et dolore magna aliqua. In eu mi bibendum neque egestas congue quisque. At urna condimentum mattis pellentesque id nibh tortor. Aliquam eleifend mi in nulla posuere. Sed sed risus pretium quam vulputate. Sit amet dictum sit amet justo donec enim diam vulputate. Condimentum lacinia quis vel eros donec ac odio. Amet mauris commodo quis imperdiet massa tincidunt nunc pulvinar sapien. Id interdum velit laoreet id. Enim diam vulputate ut pharetra sit. Dictum sit amet justo donec enim diam vulputate. Vestibulum mattis ullamcorper velit sed ullamcorper morbi tincidunt ornare massa.</p>
<p>Molestie a iaculis at erat pellentesque. Augue interdum velit euismod in. Aliquam id diam maecenas ultricies mi eget mauris pharetra et. Orci sagittis eu volutpat odio facilisis. Euismod nisi porta lorem mollis. Viverra accumsan in nisl nisi. Porttitor eget dolor morbi non arcu risus quis. Magna fringilla urna porttitor rhoncus dolor purus. Eget mi proin sed libero. Vitae justo eget magna fermentum iaculis eu non diam. Leo vel fringilla est ullamcorper eget nulla. Faucibus ornare suspendisse sed nisi lacus sed. Semper risus in hendrerit gravida rutrum. Urna cursus eget nunc scelerisque viverra mauris in. Fermentum posuere urna nec tincidunt.</p>
","Lorem ipsum dolor sit amet, consectetur adipiscing elit, sed do eiusmod tempor incididunt ut labore et dolore magna aliqua. In eu mi bibendum neque egestas congue quisque. At urna condimentum mattis pellentesque id nibh tortor. Aliquam eleifend mi in nulla posuere. Sed sed risus pretium quam vulputate. Sit amet dictum sit amet justo donec enim diam vulputate. Condimentum lacinia quis vel eros donec ac odio. Amet mauris commodo quis imperdiet massa tincidunt nunc pulvinar sapien. Id interdum velit laoreet id. Enim diam vulputate ut pharetra sit. Dictum sit amet justo donec enim diam vulputate. Vestibulum mattis ullamcorper velit sed ullamcorper",to_let,apartments-flats,new-york,,https://radiustheme.net/publicdemo/cl-classified/wp-content/uploads/classified-listing/2022/11/20.jpg,,"2020-04-21 20:06:26",1,,,techlabpro15@gmail.com,admin,price,negotiable,1200,,,,techlabpro8@gmail.com,6735568743,,"House#18, Road#07",10573,40.9903134,-73.67167710000001,,1,,1423,publish,,"New York",2,5,3,"3600 sqft",,
"Toy Bundle","<p>Lorem ipsum dolor sit amet, consectetur adipiscing elit, sed do eiusmod tempor incididunt ut labore et dolore magna aliqua. In eu mi bibendum neque egestas congue quisque. At urna condimentum mattis pellentesque id nibh tortor. Aliquam eleifend mi in nulla posuere. Sed sed risus pretium quam vulputate. Sit amet dictum sit amet justo donec enim diam vulputate. Condimentum lacinia quis vel eros donec ac odio. Amet mauris commodo quis imperdiet massa tincidunt nunc pulvinar sapien. Id interdum velit laoreet id. Enim diam vulputate ut pharetra sit. Dictum sit amet justo donec enim diam vulputate. Vestibulum mattis ullamcorper velit sed ullamcorper morbi tincidunt ornare massa.</p>
<p>Molestie a iaculis at erat pellentesque. Augue interdum velit euismod in. Aliquam id diam maecenas ultricies mi eget mauris pharetra et. Orci sagittis eu volutpat odio facilisis. Euismod nisi porta lorem mollis. Viverra accumsan in nisl nisi. Porttitor eget dolor morbi non arcu risus quis. Magna fringilla urna porttitor rhoncus dolor purus. Eget mi proin sed libero. Vitae justo eget magna fermentum iaculis eu non diam. Leo vel fringilla est ullamcorper eget nulla. Faucibus ornare suspendisse sed nisi lacus sed. Semper risus in hendrerit gravida rutrum. Urna cursus eget nunc scelerisque viverra mauris in. Fermentum posuere urna nec tincidunt.</p>
","Lorem ipsum dolor sit amet, consectetur adipiscing elit, sed do eiusmod tempor incididunt ut labore et dolore magna aliqua. In eu mi bibendum neque egestas congue quisque. At urna condimentum mattis pellentesque id nibh tortor. Aliquam eleifend mi in nulla posuere. Sed sed risus pretium quam vulputate. Sit amet dictum sit amet justo donec enim diam vulputate. Condimentum lacinia quis vel eros donec ac odio. Amet mauris commodo quis imperdiet massa tincidunt nunc pulvinar sapien. Id interdum velit laoreet id. Enim diam vulputate ut pharetra sit. Dictum sit amet justo donec enim diam vulputate. Vestibulum mattis ullamcorper velit sed ullamcorper",sell,sports-equipment,new-york,,"https://radiustheme.net/publicdemo/cl-classified/wp-content/uploads/classified-listing/2022/11/img_b11.2.jpg,https://radiustheme.net/publicdemo/cl-classified/wp-content/uploads/classified-listing/2022/11/img_b11.3.jpg,https://radiustheme.net/publicdemo/cl-classified/wp-content/uploads/classified-listing/2022/11/img_b11.4.jpg",,"2020-04-18 12:20:48",1,,,techlabpro15@gmail.com,admin,price,fixed,230,,,,techlabpro8@gmail.com,6735568743,,"House#18, Road#07",11220,,,,1,,1194,publish,,,,,,,,
"HD 27 inch Mac 1 year used only","<p>Lorem ipsum dolor sit amet, consectetur adipiscing elit, sed do eiusmod tempor incididunt ut labore et dolore magna aliqua. In eu mi bibendum neque egestas congue quisque. At urna condimentum mattis pellentesque id nibh tortor. Aliquam eleifend mi in nulla posuere. Sed sed risus pretium quam vulputate. Sit amet dictum sit amet justo donec enim diam vulputate. Condimentum lacinia quis vel eros donec ac odio. Amet mauris commodo quis imperdiet massa tincidunt nunc pulvinar sapien. Id interdum velit laoreet id. Enim diam vulputate ut pharetra sit. Dictum sit amet justo donec enim diam vulputate. Vestibulum mattis ullamcorper velit sed ullamcorper morbi tincidunt ornare massa.</p>
<p>Molestie a iaculis at erat pellentesque. Augue interdum velit euismod in. Aliquam id diam maecenas ultricies mi eget mauris pharetra et. Orci sagittis eu volutpat odio facilisis. Euismod nisi porta lorem mollis. Viverra accumsan in nisl nisi. Porttitor eget dolor morbi non arcu risus quis. Magna fringilla urna porttitor rhoncus dolor purus. Eget mi proin sed libero. Vitae justo eget magna fermentum iaculis eu non diam. Leo vel fringilla est ullamcorper eget nulla. Faucibus ornare suspendisse sed nisi lacus sed. Semper risus in hendrerit gravida rutrum. Urna cursus eget nunc scelerisque viverra mauris in. Fermentum posuere urna nec tincidunt.</p>
","Lorem ipsum dolor sit amet, consectetur adipiscing elit, sed do eiusmod tempor incididunt ut labore et dolore magna aliqua. In eu mi bibendum neque egestas congue quisque. At urna condimentum mattis pellentesque id nibh tortor. Aliquam eleifend mi in nulla posuere. Sed sed risus pretium quam vulputate. Sit amet dictum sit amet justo donec enim diam vulputate. Condimentum lacinia quis vel eros donec ac odio. Amet mauris commodo quis imperdiet massa tincidunt nunc pulvinar sapien. Id interdum velit laoreet id. Enim diam vulputate ut pharetra sit. Dictum sit amet justo donec enim diam vulputate. Vestibulum mattis ullamcorper velit sed ullamcorper",sell,computers-tablets,new-york,,"https://radiustheme.net/publicdemo/cl-classified/wp-content/uploads/classified-listing/2022/11/img_b1.2-1.jpg,https://radiustheme.net/publicdemo/cl-classified/wp-content/uploads/classified-listing/2022/11/img_b1.3-2.jpg",,"2020-04-04 17:30:28",1,,,techlabpro15@gmail.com,admin,price,fixed,2500,,,,techlabpro8@gmail.com,6735568743,,"House#18, Road#07",10573,40.9903134,-73.67167710000001,,1,,1726,publish,new,,,,,,,
"Soft Pillow Imported from China discount price","<p>Lorem ipsum dolor sit amet, consectetur adipiscing elit, sed do eiusmod tempor incididunt ut labore et dolore magna aliqua. In eu mi bibendum neque egestas congue quisque. At urna condimentum mattis pellentesque id nibh tortor. Aliquam eleifend mi in nulla posuere. Sed sed risus pretium quam vulputate. Sit amet dictum sit amet justo donec enim diam vulputate. Condimentum lacinia quis vel eros donec ac odio. Amet mauris commodo quis imperdiet massa tincidunt nunc pulvinar sapien. Id interdum velit laoreet id. Enim diam vulputate ut pharetra sit. Dictum sit amet justo donec enim diam vulputate. Vestibulum mattis ullamcorper velit sed ullamcorper morbi tincidunt ornare massa.</p>
<p>Molestie a iaculis at erat pellentesque. Augue interdum velit euismod in. Aliquam id diam maecenas ultricies mi eget mauris pharetra et. Orci sagittis eu volutpat odio facilisis. Euismod nisi porta lorem mollis. Viverra accumsan in nisl nisi. Porttitor eget dolor morbi non arcu risus quis. Magna fringilla urna porttitor rhoncus dolor purus. Eget mi proin sed libero. Vitae justo eget magna fermentum iaculis eu non diam. Leo vel fringilla est ullamcorper eget nulla. Faucibus ornare suspendisse sed nisi lacus sed. Semper risus in hendrerit gravida rutrum. Urna cursus eget nunc scelerisque viverra mauris in. Fermentum posuere urna nec tincidunt.</p>
","Lorem ipsum dolor sit amet, consectetur adipiscing elit, sed do eiusmod tempor incididunt ut labore et dolore magna aliqua. In eu mi bibendum neque egestas congue quisque. At urna condimentum mattis pellentesque id nibh tortor. Aliquam eleifend mi in nulla posuere. Sed sed risus pretium quam vulputate. Sit amet dictum sit amet justo donec enim diam vulputate. Condimentum lacinia quis vel eros donec ac odio. Amet mauris commodo quis imperdiet massa tincidunt nunc pulvinar sapien. Id interdum velit laoreet id. Enim diam vulputate ut pharetra sit. Dictum sit amet justo donec enim diam vulputate. Vestibulum mattis ullamcorper velit sed ullamcorper",sell,others-home-items,california,,https://radiustheme.net/publicdemo/cl-classified/wp-content/uploads/classified-listing/2022/11/img_b10.1.jpg,,"2019-10-18 12:20:48",1,,,techlabpro15@gmail.com,admin,price,fixed,27,,,,techlabpro8@gmail.com,6735568743,,"House#18, Road#07",91750,34.0966764,-117.71977850000002,,1,"2021-04-11 12:58:56",1310,publish,,,,,,,,
"Water Bottle","<p>Lorem ipsum dolor sit amet, consectetur adipiscing elit, sed do eiusmod tempor incididunt ut labore et dolore magna aliqua. In eu mi bibendum neque egestas congue quisque. At urna condimentum mattis pellentesque id nibh tortor. Aliquam eleifend mi in nulla posuere. Sed sed risus pretium quam vulputate. Sit amet dictum sit amet justo donec enim diam vulputate. Condimentum lacinia quis vel eros donec ac odio. Amet mauris commodo quis imperdiet massa tincidunt nunc pulvinar sapien. Id interdum velit laoreet id. Enim diam vulputate ut pharetra sit. Dictum sit amet justo donec enim diam vulputate. Vestibulum mattis ullamcorper velit sed ullamcorper morbi tincidunt ornare massa.</p>
<p>Molestie a iaculis at erat pellentesque. Augue interdum velit euismod in. Aliquam id diam maecenas ultricies mi eget mauris pharetra et. Orci sagittis eu volutpat odio facilisis. Euismod nisi porta lorem mollis. Viverra accumsan in nisl nisi. Porttitor eget dolor morbi non arcu risus quis. Magna fringilla urna porttitor rhoncus dolor purus. Eget mi proin sed libero. Vitae justo eget magna fermentum iaculis eu non diam. Leo vel fringilla est ullamcorper eget nulla. Faucibus ornare suspendisse sed nisi lacus sed. Semper risus in hendrerit gravida rutrum. Urna cursus eget nunc scelerisque viverra mauris in. Fermentum posuere urna nec tincidunt.</p>
","Lorem ipsum dolor sit amet, consectetur adipiscing elit, sed do eiusmod tempor incididunt ut labore et dolore magna aliqua. In eu mi bibendum neque egestas congue quisque. At urna condimentum mattis pellentesque id nibh tortor. Aliquam eleifend mi in nulla posuere. Sed sed risus pretium quam vulputate. Sit amet dictum sit amet justo donec enim diam vulputate. Condimentum lacinia quis vel eros donec ac odio. Amet mauris commodo quis imperdiet massa tincidunt nunc pulvinar sapien. Id interdum velit laoreet id. Enim diam vulputate ut pharetra sit. Dictum sit amet justo donec enim diam vulputate. Vestibulum mattis ullamcorper velit sed ullamcorper",sell,home-appliances-home-appliances,louisiana,,"https://radiustheme.net/publicdemo/cl-classified/wp-content/uploads/classified-listing/2022/11/img_b13.2.jpg,https://radiustheme.net/publicdemo/cl-classified/wp-content/uploads/classified-listing/2022/11/img_b13.jpg",,"2019-07-18 12:20:48",1,,,techlabpro15@gmail.com,admin,price,fixed,25,,,,techlabpro8@gmail.com,6735568743,,"House#18, Road#07",71201,32.5111942,-92.1025922,,1,"2021-04-11 12:58:56",765,publish,,,,,,,,
"Kids Dress","<p>Lorem ipsum dolor sit amet, consectetur adipiscing elit, sed do eiusmod tempor incididunt ut labore et dolore magna aliqua. In eu mi bibendum neque egestas congue quisque. At urna condimentum mattis pellentesque id nibh tortor. Aliquam eleifend mi in nulla posuere. Sed sed risus pretium quam vulputate. Sit amet dictum sit amet justo donec enim diam vulputate. Condimentum lacinia quis vel eros donec ac odio. Amet mauris commodo quis imperdiet massa tincidunt nunc pulvinar sapien. Id interdum velit laoreet id. Enim diam vulputate ut pharetra sit. Dictum sit amet justo donec enim diam vulputate. Vestibulum mattis ullamcorper velit sed ullamcorper morbi tincidunt ornare massa.</p>
<p>Molestie a iaculis at erat pellentesque. Augue interdum velit euismod in. Aliquam id diam maecenas ultricies mi eget mauris pharetra et. Orci sagittis eu volutpat odio facilisis. Euismod nisi porta lorem mollis. Viverra accumsan in nisl nisi. Porttitor eget dolor morbi non arcu risus quis. Magna fringilla urna porttitor rhoncus dolor purus. Eget mi proin sed libero. Vitae justo eget magna fermentum iaculis eu non diam. Leo vel fringilla est ullamcorper eget nulla. Faucibus ornare suspendisse sed nisi lacus sed. Semper risus in hendrerit gravida rutrum. Urna cursus eget nunc scelerisque viverra mauris in. Fermentum posuere urna nec tincidunt.</p>
","Lorem ipsum dolor sit amet, consectetur adipiscing elit, sed do eiusmod tempor incididunt ut labore et dolore magna aliqua. In eu mi bibendum neque egestas congue quisque. At urna condimentum mattis pellentesque id nibh tortor. Aliquam eleifend mi in nulla posuere. Sed sed risus pretium quam vulputate. Sit amet dictum sit amet justo donec enim diam vulputate. Condimentum lacinia quis vel eros donec ac odio. Amet mauris commodo quis imperdiet massa tincidunt nunc pulvinar sapien. Id interdum velit laoreet id. Enim diam vulputate ut pharetra sit. Dictum sit amet justo donec enim diam vulputate. Vestibulum mattis ullamcorper velit sed ullamcorper",sell,childrens-items,louisiana,,"https://radiustheme.net/publicdemo/cl-classified/wp-content/uploads/classified-listing/2022/11/img_b8.2.jpg,https://radiustheme.net/publicdemo/cl-classified/wp-content/uploads/classified-listing/2022/11/img_b8.4.jpg,https://radiustheme.net/publicdemo/cl-classified/wp-content/uploads/classified-listing/2022/11/img_b8.jpg",,"2019-07-18 12:20:48",1,,,techlabpro15@gmail.com,admin,price,fixed,53,,,,techlabpro8@gmail.com,6735568743,,"House#18, Road#07",70119,29.973579,-90.07523800000001,,1,"2021-04-11 12:58:56",978,publish,,,,,,,,
"Galaxy Note","<p>Lorem ipsum dolor sit amet, consectetur adipiscing elit, sed do eiusmod tempor incididunt ut labore et dolore magna aliqua. In eu mi bibendum neque egestas congue quisque. At urna condimentum mattis pellentesque id nibh tortor. Aliquam eleifend mi in nulla posuere. Sed sed risus pretium quam vulputate. Sit amet dictum sit amet justo donec enim diam vulputate. Condimentum lacinia quis vel eros donec ac odio. Amet mauris commodo quis imperdiet massa tincidunt nunc pulvinar sapien. Id interdum velit laoreet id. Enim diam vulputate ut pharetra sit. Dictum sit amet justo donec enim diam vulputate. Vestibulum mattis ullamcorper velit sed ullamcorper morbi tincidunt ornare massa.</p>
<p>Molestie a iaculis at erat pellentesque. Augue interdum velit euismod in. Aliquam id diam maecenas ultricies mi eget mauris pharetra et. Orci sagittis eu volutpat odio facilisis. Euismod nisi porta lorem mollis. Viverra accumsan in nisl nisi. Porttitor eget dolor morbi non arcu risus quis. Magna fringilla urna porttitor rhoncus dolor purus. Eget mi proin sed libero. Vitae justo eget magna fermentum iaculis eu non diam. Leo vel fringilla est ullamcorper eget nulla. Faucibus ornare suspendisse sed nisi lacus sed. Semper risus in hendrerit gravida rutrum. Urna cursus eget nunc scelerisque viverra mauris in. Fermentum posuere urna nec tincidunt.</p>
","Lorem ipsum dolor sit amet, consectetur adipiscing elit, sed do eiusmod tempor incididunt ut labore et dolore magna aliqua. In eu mi bibendum neque egestas congue quisque. At urna condimentum mattis pellentesque id nibh tortor. Aliquam eleifend mi in nulla posuere. Sed sed risus pretium quam vulputate. Sit amet dictum sit amet justo donec enim diam vulputate. Condimentum lacinia quis vel eros donec ac odio. Amet mauris commodo quis imperdiet massa tincidunt nunc pulvinar sapien. Id interdum velit laoreet id. Enim diam vulputate ut pharetra sit. Dictum sit amet justo donec enim diam vulputate. Vestibulum mattis ullamcorper velit sed ullamcorper",sell,mobile-phone,new-jersey,,https://radiustheme.net/publicdemo/cl-classified/wp-content/uploads/classified-listing/2022/11/img_b9.2-1.jpg,,"2019-07-18 12:20:48",1,,,techlabpro15@gmail.com,admin,price,fixed,1240,,,,techlabpro8@gmail.com,6735568743,,"House#18, Road#07",8204,38.949508,-74.90733990000001,,1,"2021-04-11 12:58:56",1797,publish,new,,,,,,original,
"Ultrabook 2018 core i7 with 16 GB RAM","<p>Lorem ipsum dolor sit amet, consectetur adipiscing elit, sed do eiusmod tempor incididunt ut labore et dolore magna aliqua. In eu mi bibendum neque egestas congue quisque. At urna condimentum mattis pellentesque id nibh tortor. Aliquam eleifend mi in nulla posuere. Sed sed risus pretium quam vulputate. Sit amet dictum sit amet justo donec enim diam vulputate. Condimentum lacinia quis vel eros donec ac odio. Amet mauris commodo quis imperdiet massa tincidunt nunc pulvinar sapien. Id interdum velit laoreet id. Enim diam vulputate ut pharetra sit. Dictum sit amet justo donec enim diam vulputate. Vestibulum mattis ullamcorper velit sed ullamcorper morbi tincidunt ornare massa.</p>
<p>Molestie a iaculis at erat pellentesque. Augue interdum velit euismod in. Aliquam id diam maecenas ultricies mi eget mauris pharetra et. Orci sagittis eu volutpat odio facilisis. Euismod nisi porta lorem mollis. Viverra accumsan in nisl nisi. Porttitor eget dolor morbi non arcu risus quis. Magna fringilla urna porttitor rhoncus dolor purus. Eget mi proin sed libero. Vitae justo eget magna fermentum iaculis eu non diam. Leo vel fringilla est ullamcorper eget nulla. Faucibus ornare suspendisse sed nisi lacus sed. Semper risus in hendrerit gravida rutrum. Urna cursus eget nunc scelerisque viverra mauris in. Fermentum posuere urna nec tincidunt.</p>
","Lorem ipsum dolor sit amet, consectetur adipiscing elit, sed do eiusmod tempor incididunt ut labore et dolore magna aliqua. In eu mi bibendum neque egestas congue quisque. At urna condimentum mattis pellentesque id nibh tortor. Aliquam eleifend mi in nulla posuere. Sed sed risus pretium quam vulputate. Sit amet dictum sit amet justo donec enim diam vulputate. Condimentum lacinia quis vel eros donec ac odio. Amet mauris commodo quis imperdiet massa tincidunt nunc pulvinar sapien. Id interdum velit laoreet id. Enim diam vulputate ut pharetra sit. Dictum sit amet justo donec enim diam vulputate. Vestibulum mattis ullamcorper velit sed ullamcorper",sell,computers-tablets,kansas,,https://radiustheme.net/publicdemo/cl-classified/wp-content/uploads/classified-listing/2022/11/img_b1.3-1.jpg,,"2019-07-18 12:20:48",1,,,techlabpro15@gmail.com,admin,price,fixed,1300,,,,techlabpro8@gmail.com,6735568743,,"House#18, Road#07",79605,38.9144519,-97.21415939999997,,1,"2021-04-11 12:58:56",2837,publish,used,,,,,,,ZX-365
"Running shoes imported from china","<p>Lorem ipsum dolor sit amet, consectetur adipiscing elit, sed do eiusmod tempor incididunt ut labore et dolore magna aliqua. In eu mi bibendum neque egestas congue quisque. At urna condimentum mattis pellentesque id nibh tortor. Aliquam eleifend mi in nulla posuere. Sed sed risus pretium quam vulputate. Sit amet dictum sit amet justo donec enim diam vulputate. Condimentum lacinia quis vel eros donec ac odio. Amet mauris commodo quis imperdiet massa tincidunt nunc pulvinar sapien. Id interdum velit laoreet id. Enim diam vulputate ut pharetra sit. Dictum sit amet justo donec enim diam vulputate. Vestibulum mattis ullamcorper velit sed ullamcorper morbi tincidunt ornare massa.</p>
<p>Molestie a iaculis at erat pellentesque. Augue interdum velit euismod in. Aliquam id diam maecenas ultricies mi eget mauris pharetra et. Orci sagittis eu volutpat odio facilisis. Euismod nisi porta lorem mollis. Viverra accumsan in nisl nisi. Porttitor eget dolor morbi non arcu risus quis. Magna fringilla urna porttitor rhoncus dolor purus. Eget mi proin sed libero. Vitae justo eget magna fermentum iaculis eu non diam. Leo vel fringilla est ullamcorper eget nulla. Faucibus ornare suspendisse sed nisi lacus sed. Semper risus in hendrerit gravida rutrum. Urna cursus eget nunc scelerisque viverra mauris in. Fermentum posuere urna nec tincidunt.</p>
","Lorem ipsum dolor sit amet, consectetur adipiscing elit, sed do eiusmod tempor incididunt ut labore et dolore magna aliqua. In eu mi bibendum neque egestas congue quisque. At urna condimentum mattis pellentesque id nibh tortor. Aliquam eleifend mi in nulla posuere. Sed sed risus pretium quam vulputate. Sit amet dictum sit amet justo donec enim diam vulputate. Condimentum lacinia quis vel eros donec ac odio. Amet mauris commodo quis imperdiet massa tincidunt nunc pulvinar sapien. Id interdum velit laoreet id. Enim diam vulputate ut pharetra sit. Dictum sit amet justo donec enim diam vulputate. Vestibulum mattis ullamcorper velit sed ullamcorper",sell,sports-equipment,california,,"https://radiustheme.net/publicdemo/cl-classified/wp-content/uploads/classified-listing/2022/11/img_b5.3.jpg,https://radiustheme.net/publicdemo/cl-classified/wp-content/uploads/classified-listing/2022/11/img_b5.5.jpg",,"2019-07-18 12:20:48",1,,,techlabpro15@gmail.com,admin,price,fixed,36,,,,techlabpro8@gmail.com,6735568743,,"House#18, Road#07",93309,,,,1,,984,publish,,,,,,,,
"Apartment for Rent","<p>Lorem ipsum dolor sit amet, consectetur adipiscing elit, sed do eiusmod tempor incididunt ut labore et dolore magna aliqua. In eu mi bibendum neque egestas congue quisque. At urna condimentum mattis pellentesque id nibh tortor. Aliquam eleifend mi in nulla posuere. Sed sed risus pretium quam vulputate. Sit amet dictum sit amet justo donec enim diam vulputate. Condimentum lacinia quis vel eros donec ac odio. Amet mauris commodo quis imperdiet massa tincidunt nunc pulvinar sapien. Id interdum velit laoreet id. Enim diam vulputate ut pharetra sit. Dictum sit amet justo donec enim diam vulputate. Vestibulum mattis ullamcorper velit sed ullamcorper morbi tincidunt ornare massa.</p>
<p>Molestie a iaculis at erat pellentesque. Augue interdum velit euismod in. Aliquam id diam maecenas ultricies mi eget mauris pharetra et. Orci sagittis eu volutpat odio facilisis. Euismod nisi porta lorem mollis. Viverra accumsan in nisl nisi. Porttitor eget dolor morbi non arcu risus quis. Magna fringilla urna porttitor rhoncus dolor purus. Eget mi proin sed libero. Vitae justo eget magna fermentum iaculis eu non diam. Leo vel fringilla est ullamcorper eget nulla. Faucibus ornare suspendisse sed nisi lacus sed. Semper risus in hendrerit gravida rutrum. Urna cursus eget nunc scelerisque viverra mauris in. Fermentum posuere urna nec tincidunt.</p>
","Lorem ipsum dolor sit amet, consectetur adipiscing elit, sed do eiusmod tempor incididunt ut labore et dolore magna aliqua. In eu mi bibendum neque egestas congue quisque. At urna condimentum mattis pellentesque id nibh tortor. Aliquam eleifend mi in nulla posuere. Sed sed risus pretium quam vulputate. Sit amet dictum sit amet justo donec enim diam vulputate. Condimentum lacinia quis vel eros donec ac odio. Amet mauris commodo quis imperdiet massa tincidunt nunc pulvinar sapien. Id interdum velit laoreet id. Enim diam vulputate ut pharetra sit. Dictum sit amet justo donec enim diam vulputate. Vestibulum mattis ullamcorper velit sed ullamcorper",to_let,apartments-flats,new-york,,https://radiustheme.net/publicdemo/cl-classified/wp-content/uploads/classified-listing/2022/11/daziy_millar5-1.jpg,,"2019-06-28 05:01:02",1,,,techlabpro15@gmail.com,admin,price,negotiable,15000,,,,techlabpro8@gmail.com,6735568743,,"House#18, Road#07",10573,40.9903134,-73.67167710000001,,1,"2023-01-18 13:28:03",1335,publish,,"New York",2,5,3,"3600 sqft",,
